name,roll_number,semester,attendance_percent,assignment1,assignment2,assignment3,quiz1,quiz2,midterm_score,study_hours_per_day,behavior,final_score,grade
Om Prakash 1,BCA2020001,1,84.5,27.3,24.2,23.1,16.1,13.2,37.7,1.3,Excellent,72.0,B+
Ganesh Thapa 2,BCA2020002,5,51.9,39.5,36.3,26.6,13.8,17.1,20.2,8.3,Poor,67.4,B
Janak Karki 3,BCA2021003,3,46.1,31.4,30.8,30.3,9.0,5.7,33.8,2.1,Poor,52.0,C+
Sagar Koirala 4,BCA2022004,5,51.5,22.1,39.8,43.2,19.8,17.8,46.0,4.4,Poor,88.0,A
Xina Rana 5,BCA2021005,3,61.3,40.1,41.1,40.5,6.1,14.5,36.0,3.2,Poor,68.3,B
Om Prakash 6,BCA2021006,6,59.5,43.0,21.7,44.7,17.1,11.0,22.0,9.2,Average,67.3,B
Fumiko Rai 7,BCA2023007,6,67.5,27.9,27.4,36.8,8.9,13.8,46.9,4.6,Good,76.0,B+
Isha Tamang 8,BCA2023008,1,85.3,45.8,24.6,24.8,15.2,13.9,31.5,6.4,Poor,75.6,B+
Jyoti Chaudhary 9,BCA2020009,6,83.2,40.5,36.1,28.0,14.6,6.7,33.0,5.1,Average,72.1,B+
Wrisha Tamang 10,BCA2021010,5,94.8,46.1,29.0,39.2,14.1,7.3,42.9,5.9,Excellent,78.5,B+
Fumiko Rai 11,BCA2020011,1,95.7,46.4,44.9,29.2,5.9,18.2,48.4,1.8,Poor,85.2,A
Wrisha Tamang 12,BCA2021012,2,79.6,48.4,25.0,35.8,14.1,19.5,47.9,7.8,Good,91.3,A+
Zara Khan 13,BCA2022013,4,94.0,33.5,27.4,21.9,5.3,13.3,37.7,1.1,Excellent,64.1,B
Chandan Rai 14,BCA2022014,1,70.8,28.4,34.6,36.2,15.9,18.2,37.3,3.2,Poor,82.7,A
Manisha Adhikari 15,BCA2020015,1,79.5,30.6,32.3,45.9,5.8,14.8,39.4,1.5,Average,72.6,B+
Gita Magar 16,BCA2021016,2,51.4,33.5,32.7,28.4,8.7,18.8,33.3,8.8,Excellent,67.6,B
Indra Limbu 17,BCA2020017,1,95.6,45.5,25.0,34.6,8.2,11.0,21.8,4.4,Poor,61.9,B
Deepak Acharya 18,BCA2022018,4,81.8,41.9,43.5,39.9,12.3,7.8,26.5,1.5,Excellent,68.4,B
Dipika Gurung 19,BCA2020019,5,68.6,47.6,35.9,21.7,12.6,17.8,22.1,1.6,Good,69.2,B
Kiran Bhandari 20,BCA2021020,5,75.7,38.6,32.6,37.5,12.8,19.0,26.1,7.4,Good,75.1,B+
Isha Tamang 21,BCA2022021,4,59.0,42.6,22.2,33.7,20.0,19.9,22.2,2.9,Average,74.9,B+
Wangchuk Sherpa 22,BCA2020022,2,62.2,24.7,45.0,41.1,14.2,19.8,39.6,1.1,Average,84.5,A
Gita Magar 23,BCA2021023,3,46.9,23.2,36.6,28.2,14.1,15.8,26.1,6.7,Average,66.7,B
Qasim Ali 24,BCA2020024,1,78.1,44.9,21.3,30.0,7.0,19.7,24.8,5.0,Poor,68.7,B
Hari Poudel 25,BCA2020025,6,94.2,36.4,45.0,37.5,7.2,6.9,29.2,9.1,Excellent,67.8,B
Nabin Dahal 26,BCA2021026,6,46.2,43.4,46.5,32.2,14.3,7.3,47.9,8.8,Good,77.8,B+
Bijay Thapa 27,BCA2021027,6,95.5,43.5,32.4,40.1,16.0,8.7,24.8,7.3,Poor,75.2,B+
Elisha Pandey 28,BCA2021028,2,89.0,33.8,29.2,43.9,8.4,5.4,25.8,4.0,Excellent,61.9,B
Rita Lama 29,BCA2022029,6,70.6,40.4,45.3,29.9,5.4,18.2,27.8,6.2,Average,66.5,B
Manoj Khatri 30,BCA2023030,3,83.7,29.4,38.2,35.3,10.8,13.6,27.6,7.4,Excellent,70.2,B+
Indra Limbu 31,BCA2021031,3,65.9,48.5,47.6,38.7,15.0,6.9,47.0,5.6,Poor,78.4,B+
Suresh KC 32,BCA2022032,5,47.6,32.6,48.2,40.3,18.5,14.2,29.0,5.9,Excellent,75.1,B+
Nabin Dahal 33,BCA2023033,5,76.4,29.7,33.3,40.3,12.7,16.9,48.8,7.6,Excellent,83.7,A
Qumar Hussain 34,BCA2022034,1,89.1,42.5,40.2,26.7,8.0,5.4,27.3,5.3,Excellent,60.0,B
Om Prakash 35,BCA2021035,6,81.8,34.8,27.3,39.7,5.1,16.3,43.1,2.0,Poor,71.1,B+
Suresh KC 36,BCA2023036,1,73.4,47.5,23.6,24.0,12.0,13.0,36.8,3.9,Poor,72.1,B+
Ujjwal Mahato 37,BCA2023037,5,66.8,24.8,45.8,33.5,16.3,17.6,28.3,8.0,Poor,78.6,B+
Rita Lama 38,BCA2023038,1,82.8,27.0,30.1,46.8,6.2,7.3,31.5,2.4,Good,57.1,C+
Amrit Regmi 39,BCA2022039,5,68.0,21.9,45.0,31.7,16.5,19.2,20.6,8.9,Poor,75.2,B+
Wangchuk Sherpa 40,BCA2022040,4,91.2,48.6,32.6,42.4,13.2,14.0,26.6,3.0,Poor,75.6,B+
Yash Mishra 41,BCA2022041,6,80.7,32.1,25.0,34.0,6.9,14.3,20.8,4.5,Excellent,57.7,C+
Binita Dhakal 42,BCA2021042,4,50.9,27.8,29.8,33.6,10.1,18.2,28.3,9.6,Poor,66.7,B
Farhan Ansari 43,BCA2023043,1,84.9,21.6,48.6,26.7,6.0,19.4,21.2,1.3,Good,63.5,B
Bijay Thapa 44,BCA2021044,2,47.6,40.1,36.9,26.5,15.5,16.5,25.0,6.5,Excellent,72.5,B+
Kamala Bist 45,BCA2022045,1,74.7,47.9,37.3,47.2,10.6,19.1,25.9,6.3,Good,75.4,B+
Yuvraj Chand 46,BCA2022046,6,76.0,23.6,49.5,43.5,10.2,11.4,31.1,5.6,Average,66.7,B
Amrit Regmi 47,BCA2023047,1,66.0,30.9,46.7,33.8,7.3,7.6,35.7,6.9,Poor,63.1,B
Ujjwal Mahato 48,BCA2022048,3,91.1,44.9,22.6,46.4,8.7,12.0,38.3,4.4,Excellent,73.8,B+
Uday Bhattarai 49,BCA2021049,4,52.7,43.9,30.2,46.4,15.5,9.1,20.3,9.5,Excellent,64.0,B
Amrit Regmi 50,BCA2023050,5,85.5,40.7,39.4,34.7,16.9,6.4,26.6,7.2,Average,71.7,B+
Xina Rana 51,BCA2023051,5,71.9,32.8,42.4,29.9,15.5,9.1,27.5,2.1,Good,66.2,B
Vandana Singh 52,BCA2021052,2,53.0,34.5,41.7,49.3,12.9,9.2,23.0,2.7,Good,62.5,B
Tina Joshi 53,BCA2020053,6,72.0,28.2,49.2,36.6,15.5,6.9,46.1,5.4,Excellent,77.3,B+
Elisha Pandey 54,BCA2023054,4,60.4,49.0,27.6,45.9,6.7,6.0,34.8,6.2,Excellent,59.4,C+
Kiran Bhandari 55,BCA2022055,1,99.6,23.6,42.9,38.2,16.9,8.4,35.7,5.1,Poor,75.9,B+
Laxmi Mahat 56,BCA2023056,3,74.1,21.8,48.8,23.0,16.4,14.4,27.9,1.7,Good,70.0,B+
Elina Shrestha 57,BCA2021057,1,64.5,40.7,34.1,21.0,9.3,9.2,45.8,1.6,Good,70.1,B+
Om Prakash 58,BCA2021058,4,46.9,26.7,24.5,28.0,7.1,5.9,43.8,6.4,Average,56.7,C+
Deepak Acharya 59,BCA2022059,6,64.2,28.2,36.2,33.1,14.0,18.3,42.0,6.4,Excellent,78.6,B+
Rupa Giri 60,BCA2020060,6,89.3,37.3,42.9,25.3,12.8,11.6,28.3,10.0,Poor,73.3,B+
Fumiko Rai 61,BCA2020061,4,60.9,30.0,40.1,45.7,9.9,15.4,28.6,9.5,Excellent,70.6,B+
Uday Bhattarai 62,BCA2022062,3,47.0,43.2,45.9,44.7,5.0,18.0,33.9,1.5,Average,70.5,B+
Fumiko Rai 63,BCA2023063,1,52.2,36.5,47.8,33.1,15.5,6.8,49.2,6.5,Good,77.5,B+
Tina Joshi 64,BCA2020064,5,64.5,26.7,45.2,23.4,19.2,14.7,24.6,9.4,Average,74.6,B+
Rita Lama 65,BCA2023065,4,98.8,27.3,36.5,31.5,18.8,12.6,46.4,8.8,Average,89.6,A
Amrit Regmi 66,BCA2022066,5,56.0,20.1,41.8,45.1,13.7,14.9,46.0,5.0,Poor,78.4,B+
Jyoti Chaudhary 67,BCA2023067,4,96.0,46.1,49.4,27.2,10.7,17.8,32.3,3.9,Poor,81.9,A
Yash Mishra 68,BCA2023068,6,87.5,39.6,24.6,48.9,6.9,19.5,30.0,1.9,Poor,71.5,B+
Deepak Acharya 69,BCA2020069,6,48.6,46.1,49.1,22.2,16.7,9.0,38.7,4.6,Excellent,75.4,B+
Rupa Giri 70,BCA2023070,3,77.6,46.6,34.6,36.2,14.3,8.5,40.5,3.6,Good,76.8,B+
Binita Dhakal 71,BCA2020071,6,82.2,23.0,25.0,29.0,5.4,9.9,21.7,4.2,Poor,50.4,C+
Hina Bajracharya 72,BCA2023072,5,80.9,25.4,25.3,38.3,10.7,15.2,34.9,6.2,Good,71.9,B+
Qasim Ali 73,BCA2023073,3,80.0,47.0,34.0,28.6,13.2,6.1,48.4,9.9,Average,77.6,B+
Binita Dhakal 74,BCA2022074,4,90.7,26.0,31.5,34.5,8.6,13.6,37.2,9.9,Average,69.8,B
Qumar Hussain 75,BCA2023075,3,40.5,46.0,43.3,49.2,18.7,16.2,45.0,9.1,Good,89.9,A
Wangchuk Sherpa 76,BCA2021076,6,51.4,27.5,42.7,43.0,15.2,7.1,22.9,6.6,Excellent,61.2,B
Chitra Oli 77,BCA2020077,5,61.9,23.9,47.3,29.8,11.2,8.0,43.6,8.9,Average,70.0,B+
Rita Lama 78,BCA2021078,3,94.8,48.3,49.0,28.9,18.1,17.1,34.0,1.7,Good,90.1,A+
Ujjwal Mahato 79,BCA2023079,5,61.9,43.7,20.4,36.1,11.8,15.1,40.2,6.3,Average,72.5,B+
Ojha Prasad 80,BCA2023080,1,77.2,48.3,29.8,38.3,14.7,14.5,33.9,7.3,Poor,77.0,B+
Chandan Rai 81,BCA2020081,3,99.8,23.5,27.0,36.1,10.8,10.6,48.5,7.3,Poor,77.8,B+
Ujjwal Mahato 82,BCA2021082,4,79.3,45.0,38.5,48.2,9.2,15.4,26.5,5.0,Good,75.3,B+
Gita Magar 83,BCA2022083,5,94.1,39.3,21.8,28.3,19.5,19.2,44.7,1.8,Good,91.5,A+
Manoj Khatri 84,BCA2020084,1,87.2,27.3,23.8,36.9,6.0,16.5,26.2,2.9,Good,63.2,B
Janak Karki 85,BCA2020085,3,91.5,24.3,23.9,27.5,7.6,14.9,20.8,1.1,Good,60.1,B
Bijay Thapa 86,BCA2021086,3,43.1,42.3,35.8,42.4,12.1,16.7,35.4,2.0,Good,76.3,B+
Chandan Rai 87,BCA2022087,4,78.6,20.9,50.0,45.4,11.4,6.6,41.4,5.0,Excellent,70.3,B+
Janak Karki 88,BCA2020088,2,56.5,39.0,36.5,29.8,19.9,13.0,33.6,6.4,Excellent,79.4,B+
Hari Poudel 89,BCA2021089,4,67.1,26.9,30.2,33.6,11.2,6.4,32.8,7.0,Average,64.0,B
Rupa Giri 90,BCA2023090,1,45.5,22.6,33.0,42.3,10.6,7.0,21.8,9.6,Average,55.6,C+
Amrit Regmi 91,BCA2022091,6,96.5,32.7,47.5,21.5,9.3,9.7,23.1,5.6,Good,64.6,B
Ojha Prasad 92,BCA2020092,3,90.7,31.0,42.9,37.2,17.1,17.7,49.2,8.4,Excellent,94.7,A+
Qumar Hussain 93,BCA2022093,1,50.8,41.1,29.3,30.2,5.1,18.0,37.0,4.6,Good,68.8,B
Bijay Thapa 94,BCA2020094,6,71.8,31.3,33.6,24.7,9.7,9.9,48.2,6.4,Excellent,69.2,B
Wrisha Tamang 95,BCA2020095,6,44.9,33.3,32.7,38.2,11.2,8.2,35.4,4.1,Excellent,61.1,B
Rupa Giri 96,BCA2023096,5,80.0,21.4,31.9,38.0,5.1,9.5,26.3,2.2,Average,54.4,C+
Hari Poudel 97,BCA2020097,4,84.8,25.3,31.4,41.1,12.5,17.5,44.2,1.6,Excellent,81.2,A
Deepak Acharya 98,BCA2020098,3,74.5,37.2,41.3,32.5,6.7,5.3,29.7,8.2,Poor,61.0,B
Xina Rana 99,BCA2020099,4,90.7,27.3,37.7,35.7,10.9,9.7,30.2,4.0,Good,64.7,B
Om Prakash 100,BCA2020100,5,70.6,47.2,30.5,41.8,17.3,17.2,27.1,2.3,Good,77.3,B+
Janak Karki 101,BCA2020101,2,97.1,38.8,33.9,36.9,13.7,15.2,46.5,6.8,Average,89.2,A
Om Prakash 102,BCA2022102,2,66.4,34.1,38.9,43.9,13.9,10.3,22.2,5.2,Excellent,63.6,B
Sagar Koirala 103,BCA2020103,6,91.9,45.7,38.5,35.2,11.9,13.3,43.8,9.1,Poor,86.0,A
Kiran Bhandari 104,BCA2021104,3,76.3,35.0,48.7,33.5,17.2,17.6,49.5,1.8,Good,88.3,A
Tulasa Parajuli 105,BCA2023105,4,71.4,38.3,30.9,47.5,10.8,16.6,40.4,1.5,Average,75.6,B+
Gita Magar 106,BCA2023106,3,55.1,45.5,48.9,38.1,7.3,6.2,39.9,9.3,Average,69.4,B
Suresh KC 107,BCA2023107,2,75.7,48.1,29.3,31.3,16.9,17.2,40.1,8.5,Excellent,87.1,A
Binita Dhakal 108,BCA2022108,1,61.8,25.4,26.4,48.4,12.3,8.4,24.1,1.7,Excellent,59.3,C+
Indra Limbu 109,BCA2020109,6,60.2,43.0,23.9,31.3,7.4,17.5,43.1,8.3,Good,75.7,B+
Chandan Rai 110,BCA2023110,3,80.6,27.1,33.3,28.5,16.2,11.7,36.0,3.8,Poor,76.4,B+
Manisha Adhikari 111,BCA2022111,6,96.8,49.5,33.9,28.5,10.7,12.9,49.0,8.4,Good,86.0,A
Dipika Gurung 112,BCA2023112,3,73.3,23.1,45.4,45.5,9.3,16.4,28.2,9.1,Good,74.5,B+
Farhan Ansari 113,BCA2021113,4,93.1,47.9,32.4,31.9,10.6,10.8,22.4,3.0,Average,68.7,B
Tulasa Parajuli 114,BCA2022114,2,48.3,28.6,44.9,40.9,7.1,15.6,33.5,1.0,Excellent,63.2,B
Nabin Dahal 115,BCA2021115,5,96.4,38.3,32.7,43.3,8.6,6.8,27.2,6.8,Poor,61.9,B
Fumiko Rai 116,BCA2020116,6,70.9,27.3,24.3,32.9,14.2,8.6,32.5,7.0,Excellent,66.0,B
Xina Rana 117,BCA2020117,5,72.6,43.6,35.2,20.6,18.1,5.7,31.6,4.4,Excellent,67.5,B
Elina Shrestha 118,BCA2022118,2,84.0,38.8,43.1,42.1,10.0,5.7,36.4,8.3,Good,71.6,B+
Rupa Giri 119,BCA2023119,6,68.7,25.5,24.0,41.5,19.2,5.6,26.0,8.1,Excellent,64.6,B
Tina Joshi 120,BCA2023120,5,68.4,21.1,39.4,28.6,17.9,5.7,39.7,3.5,Average,69.2,B
Zara Khan 121,BCA2023121,4,60.3,25.6,40.8,31.0,17.0,9.0,22.5,4.8,Poor,64.6,B
Lokesh Neupane 122,BCA2022122,3,46.2,29.8,28.9,33.4,15.8,7.5,33.3,5.0,Average,64.4,B
Binita Dhakal 123,BCA2022123,6,98.8,48.4,22.3,39.1,10.4,17.0,40.4,9.6,Good,85.7,A
Rupa Giri 124,BCA2023124,1,47.6,27.1,39.4,30.9,19.2,5.5,24.6,5.0,Average,61.1,B
Wrisha Tamang 125,BCA2020125,5,48.3,31.0,29.4,28.4,19.4,5.4,25.6,5.7,Excellent,59.9,C+
Qasim Ali 126,BCA2023126,2,99.8,28.6,47.5,34.7,6.8,17.8,33.6,9.1,Poor,80.6,A
Rupa Giri 127,BCA2022127,6,60.8,21.9,36.3,46.7,17.8,15.7,47.8,6.7,Average,86.1,A
Hari Poudel 128,BCA2021128,2,54.2,34.8,30.8,37.2,12.0,19.7,23.9,9.0,Excellent,70.5,B+
Tulasa Parajuli 129,BCA2023129,5,64.6,32.3,37.2,23.8,9.8,6.1,34.0,5.7,Good,62.1,B
Yuvraj Chand 130,BCA2021130,2,66.0,47.3,21.7,23.7,7.3,7.5,29.7,7.4,Average,59.9,C+
Hina Bajracharya 131,BCA2022131,1,55.0,39.1,36.5,23.8,9.5,13.0,35.1,2.5,Good,63.7,B
Nisha Pokhrel 132,BCA2022132,5,42.5,45.9,22.4,48.5,16.6,9.0,26.3,6.1,Excellent,66.4,B
Om Prakash 133,BCA2022133,6,97.4,34.5,44.1,40.5,9.5,6.1,21.8,5.0,Poor,62.2,B
Vijay Subedi 134,BCA2021134,3,91.7,29.6,49.6,30.4,11.0,16.4,35.4,2.0,Good,77.5,B+
Rita Lama 135,BCA2023135,2,48.5,21.5,48.4,45.9,11.3,19.4,47.1,8.3,Average,81.5,A
Kamala Bist 136,BCA2023136,5,68.0,46.4,34.9,22.7,10.9,11.9,27.2,6.3,Excellent,63.1,B
Fumiko Rai 137,BCA2023137,3,72.2,45.4,32.9,46.5,15.9,16.5,31.0,4.6,Good,80.1,A
Sagar Koirala 138,BCA2020138,4,70.3,42.9,28.4,49.7,15.2,6.8,49.3,4.5,Average,79.1,B+
Xina Rana 139,BCA2021139,2,76.1,32.0,21.2,21.2,15.7,17.1,35.6,2.3,Good,74.1,B+
Nisha Pokhrel 140,BCA2022140,2,63.6,38.5,45.3,37.8,12.6,12.6,34.7,6.1,Poor,76.1,B+
Xina Rana 141,BCA2022141,6,46.6,32.5,29.2,47.0,18.1,14.4,37.9,3.4,Good,78.9,B+
Laxmi Mahat 142,BCA2023142,2,71.5,41.6,43.2,31.4,17.3,8.6,37.2,7.3,Good,73.9,B+
Uday Bhattarai 143,BCA2023143,2,64.8,26.1,35.1,38.3,12.1,17.7,41.8,7.4,Good,79.6,B+
Qumar Hussain 144,BCA2023144,5,62.6,48.7,33.8,36.0,13.2,15.1,46.0,7.1,Average,83.2,A
Manisha Adhikari 145,BCA2021145,3,73.5,26.7,49.2,28.9,9.3,8.1,41.1,3.9,Average,68.0,B
Ujjwal Mahato 146,BCA2022146,3,47.3,40.3,31.4,49.4,17.3,19.3,44.1,3.6,Average,89.7,A
Farhan Ansari 147,BCA2022147,4,79.4,42.4,26.4,44.8,9.1,13.4,28.1,2.0,Good,66.4,B
Qumar Hussain 148,BCA2021148,6,54.0,23.0,29.9,34.2,15.2,7.1,48.9,9.8,Good,71.8,B+
Elisha Pandey 149,BCA2023149,6,52.0,48.9,29.6,39.4,18.6,6.3,37.2,5.8,Excellent,75.2,B+
Lokesh Neupane 150,BCA2023150,2,96.0,21.1,45.1,43.6,7.8,16.2,46.2,3.6,Excellent,77.9,B+
Kiran Bhandari 151,BCA2020151,3,57.1,49.7,36.3,34.8,19.1,17.8,34.0,2.7,Excellent,82.4,A
Ujjwal Mahato 152,BCA2023152,6,55.4,25.6,42.1,43.7,13.5,16.4,25.3,8.7,Poor,74.0,B+
Ganesh Thapa 153,BCA2022153,1,64.0,22.9,49.5,34.3,19.0,5.1,31.5,5.0,Average,71.4,B+
Tina Joshi 154,BCA2020154,3,79.2,40.8,21.9,23.5,9.6,11.1,35.1,9.1,Average,68.4,B
Om Prakash 155,BCA2022155,3,76.9,26.6,24.0,24.6,16.2,14.1,32.5,5.9,Poor,73.9,B+
Qumar Hussain 156,BCA2021156,2,80.8,37.9,43.6,35.8,12.9,10.4,47.5,2.0,Good,79.8,B+
Janak Karki 157,BCA2021157,3,91.3,33.3,40.4,41.5,12.3,18.5,33.4,1.5,Good,80.9,A
Deepak Acharya 158,BCA2020158,5,67.7,44.2,41.7,31.9,17.2,16.2,37.3,1.4,Average,83.5,A
Indra Limbu 159,BCA2020159,1,99.2,34.2,28.6,25.4,7.0,14.6,41.9,9.7,Average,78.0,B+
Yash Mishra 160,BCA2023160,4,62.5,40.5,39.9,36.2,14.8,10.2,25.4,5.8,Good,69.6,B
Ojha Prasad 161,BCA2020161,1,98.7,33.9,41.6,32.7,10.7,8.4,33.8,2.4,Good,72.2,B+
Ujjwal Mahato 162,BCA2020162,1,88.6,32.6,43.0,46.5,5.2,8.1,23.0,1.3,Excellent,57.3,C+
Chandan Rai 163,BCA2023163,4,54.1,26.5,45.9,21.7,12.6,9.3,44.5,7.6,Average,70.7,B+
Yuvraj Chand 164,BCA2022164,2,58.1,24.3,39.8,26.6,9.5,5.9,48.5,8.9,Good,66.9,B
Binita Dhakal 165,BCA2023165,1,98.3,48.2,40.1,43.6,9.8,11.2,24.5,4.4,Poor,69.7,B
Ojha Prasad 166,BCA2022166,6,48.7,33.9,21.7,32.4,11.2,12.9,31.7,3.3,Average,63.8,B
Chitra Oli 167,BCA2022167,1,72.1,44.9,21.5,31.3,14.1,5.6,22.2,8.2,Good,60.2,B
Vijay Subedi 168,BCA2022168,1,52.7,25.7,42.2,42.4,16.3,18.7,40.9,7.3,Poor,86.4,A
Jyoti Chaudhary 169,BCA2022169,3,62.8,36.0,30.8,27.8,12.7,12.5,23.0,9.8,Poor,66.4,B
Uday Bhattarai 170,BCA2021170,3,58.8,21.4,45.9,42.2,5.2,13.3,37.5,7.5,Average,64.5,B
Vijay Subedi 171,BCA2021171,4,74.2,27.4,36.5,48.3,10.1,16.5,34.7,7.5,Poor,75.8,B+
Ujjwal Mahato 172,BCA2022172,2,48.4,36.4,25.5,46.7,19.9,19.4,35.7,8.6,Excellent,87.8,A
Qumar Hussain 173,BCA2020173,1,64.7,45.3,26.9,41.2,5.1,12.6,31.2,6.6,Poor,64.8,B
Bijay Thapa 174,BCA2020174,5,73.1,20.4,35.9,28.2,19.7,5.3,44.4,7.1,Good,72.0,B+
Gita Magar 175,BCA2021175,2,51.5,35.8,44.5,28.0,11.0,10.6,32.2,6.1,Good,64.1,B
Farhan Ansari 176,BCA2020176,1,64.3,31.3,34.3,39.1,15.5,6.2,45.4,6.8,Average,73.9,B+
Gita Magar 177,BCA2020177,2,52.7,46.0,46.6,34.3,5.7,6.1,47.8,9.1,Excellent,65.6,B
Uday Bhattarai 178,BCA2020178,2,75.2,42.6,41.4,31.9,6.2,7.4,27.2,8.5,Poor,61.4,B
Indra Limbu 179,BCA2022179,4,85.3,24.2,49.7,41.7,12.5,19.6,21.6,4.9,Excellent,75.5,B+
Yuvraj Chand 180,BCA2023180,3,41.8,28.2,49.8,34.7,10.3,19.1,33.0,7.1,Poor,70.6,B+
Nisha Pokhrel 181,BCA2022181,2,82.8,22.5,24.6,41.4,14.5,16.1,29.5,2.0,Excellent,75.8,B+
Chitra Oli 182,BCA2022182,3,46.1,22.6,32.9,36.7,12.7,6.5,22.7,6.0,Average,56.8,C+
Aarav Sharma 183,BCA2022183,4,63.3,22.5,47.0,47.2,19.7,13.6,25.1,4.4,Good,74.7,B+
Rita Lama 184,BCA2023184,2,43.8,33.0,32.6,34.5,6.2,8.8,27.4,6.6,Good,53.7,C+
Isha Tamang 185,BCA2022185,1,96.9,30.0,38.6,44.1,9.9,10.0,44.5,8.7,Good,76.9,B+
Manoj Khatri 186,BCA2021186,4,58.9,48.9,49.1,28.7,15.4,12.4,37.3,3.2,Poor,76.1,B+
Zara Khan 187,BCA2022187,1,95.9,26.0,49.9,25.4,16.5,5.4,41.8,9.5,Good,76.5,B+
Sagar Koirala 188,BCA2020188,4,80.4,24.2,29.1,27.6,7.3,11.3,31.3,5.0,Poor,61.8,B
Indra Limbu 189,BCA2023189,5,42.2,49.1,41.0,44.4,13.9,18.7,23.3,3.2,Average,72.0,B+
Nisha Pokhrel 190,BCA2020190,5,99.0,40.3,32.0,42.6,19.5,11.5,20.3,3.3,Good,75.8,B+
Zara Khan 191,BCA2023191,6,75.3,35.0,30.3,20.7,6.6,11.2,48.9,2.0,Good,67.6,B
Vijay Subedi 192,BCA2023192,2,71.3,30.4,22.9,41.7,11.8,6.0,21.3,7.4,Excellent,59.3,C+
Prem Bahadur 193,BCA2020193,6,88.0,47.9,42.2,35.5,13.3,10.0,32.8,5.2,Poor,76.2,B+
Lokesh Neupane 194,BCA2023194,4,41.8,38.4,25.9,37.8,10.8,15.6,26.2,7.8,Excellent,65.6,B
Indra Limbu 195,BCA2021195,3,59.6,33.7,27.9,45.9,12.9,14.6,37.9,6.5,Excellent,74.4,B+
Deepak Acharya 196,BCA2021196,6,82.4,28.9,38.4,22.5,7.0,6.8,29.2,2.6,Good,56.6,C+
Amrit Regmi 197,BCA2021197,5,63.0,25.6,39.1,40.8,14.7,20.0,36.6,5.4,Good,79.8,B+
Chitra Oli 198,BCA2020198,3,97.1,34.5,25.9,31.5,13.4,14.8,32.3,5.4,Poor,75.8,B+
Farhan Ansari 199,BCA2020199,2,57.5,28.2,36.1,25.0,11.9,16.1,43.0,5.9,Excellent,75.2,B+
Rita Lama 200,BCA2022200,5,89.4,21.2,41.6,36.4,19.8,6.5,44.9,7.8,Average,83.3,A
Chandan Rai 201,BCA2023201,3,60.9,44.5,33.2,49.8,16.6,8.6,44.3,6.3,Average,81.8,A
Nisha Pokhrel 202,BCA2023202,2,77.0,43.5,44.4,44.2,13.6,13.0,37.9,2.5,Average,78.6,B+
Rita Lama 203,BCA2020203,2,97.8,43.6,47.6,49.8,18.0,6.9,46.0,3.2,Average,89.0,A
Wrisha Tamang 204,BCA2023204,4,48.5,39.0,38.8,31.3,6.1,16.9,43.1,4.6,Average,72.5,B+
Xina Rana 205,BCA2023205,4,59.6,20.1,43.2,42.0,16.0,11.9,39.9,4.2,Excellent,77.4,B+
Zara Khan 206,BCA2021206,4,89.5,34.8,29.7,28.5,13.2,7.0,45.6,8.1,Excellent,71.6,B+
Om Prakash 207,BCA2023207,1,47.5,45.7,33.2,20.0,19.4,8.0,40.7,2.2,Average,70.0,B+
Rita Lama 208,BCA2020208,6,61.6,22.5,39.9,39.5,5.8,14.4,41.8,7.8,Poor,70.6,B+
Tulasa Parajuli 209,BCA2020209,1,52.8,22.3,37.8,35.6,11.7,5.1,30.3,2.1,Poor,57.6,C+
Elisha Pandey 210,BCA2020210,2,63.0,41.9,23.1,29.4,18.2,7.1,43.2,7.8,Good,75.3,B+
Rupa Giri 211,BCA2021211,1,71.8,20.3,39.5,33.2,15.8,14.4,24.5,4.7,Poor,72.3,B+
Farhan Ansari 212,BCA2020212,2,85.1,37.7,31.5,48.9,9.7,7.1,28.3,1.8,Average,65.6,B
Suresh KC 213,BCA2020213,6,92.5,26.2,38.2,25.7,10.9,14.7,43.5,8.1,Good,78.6,B+
Hari Poudel 214,BCA2021214,4,78.3,22.1,46.7,20.4,10.4,9.7,31.6,8.6,Poor,64.3,B
Rupa Giri 215,BCA2021215,4,97.3,43.1,20.5,22.0,8.9,5.6,21.8,8.1,Average,57.5,C+
Ganesh Thapa 216,BCA2023216,4,82.1,22.5,36.1,38.5,9.2,9.6,35.3,2.8,Good,66.0,B
Zara Khan 217,BCA2020217,3,81.9,41.9,45.4,21.7,6.3,11.5,33.6,6.5,Average,68.0,B
Qumar Hussain 218,BCA2021218,1,40.8,24.1,20.3,34.9,10.2,12.8,44.7,3.3,Average,63.4,B
Yuvraj Chand 219,BCA2022219,6,93.2,43.1,20.9,44.2,9.1,6.0,41.4,6.2,Excellent,69.6,B
Ganesh Thapa 220,BCA2022220,1,70.0,37.0,31.0,27.7,6.5,13.6,41.7,3.1,Excellent,65.6,B
Aarav Sharma 221,BCA2021221,1,68.3,31.5,24.5,47.9,17.9,13.3,47.4,7.7,Poor,83.1,A
Puja Basnet 222,BCA2023222,6,59.2,44.8,37.1,23.6,15.1,5.8,26.7,5.6,Excellent,65.1,B
Elina Shrestha 223,BCA2023223,3,86.4,29.3,22.6,33.7,10.5,9.4,43.5,7.7,Good,71.0,B+
Laxmi Mahat 224,BCA2023224,2,83.9,36.4,43.9,24.5,19.0,5.4,36.2,6.7,Excellent,77.3,B+
Aarav Sharma 225,BCA2023225,6,83.6,23.1,35.9,27.1,12.4,5.9,49.9,7.4,Excellent,69.6,B
Ojha Prasad 226,BCA2023226,6,93.7,33.8,42.4,37.4,12.6,14.6,31.8,6.3,Excellent,77.6,B+
Isha Tamang 227,BCA2021227,3,55.7,29.5,44.0,41.0,16.0,9.8,28.2,1.7,Good,65.7,B
Yuvraj Chand 228,BCA2020228,2,46.3,33.5,29.4,23.6,10.4,16.6,33.6,5.2,Excellent,64.3,B
Rupa Giri 229,BCA2022229,6,81.8,21.2,45.1,29.8,6.4,8.7,30.7,5.6,Average,59.0,C+
Lokesh Neupane 230,BCA2020230,4,91.3,36.7,36.5,22.8,6.5,16.9,23.6,1.6,Good,63.2,B
Zara Khan 231,BCA2022231,6,77.8,39.3,37.5,27.8,17.2,5.3,21.9,9.1,Poor,67.1,B
Farhan Ansari 232,BCA2022232,1,42.6,33.8,25.0,37.2,17.3,10.9,20.9,7.1,Good,62.3,B
Lokesh Neupane 233,BCA2022233,3,66.8,24.5,38.4,38.5,14.7,12.5,46.5,5.3,Excellent,77.6,B+
Isha Tamang 234,BCA2023234,2,78.6,43.9,27.5,49.8,13.2,5.3,31.5,7.4,Poor,68.7,B
Fumiko Rai 235,BCA2022235,5,70.1,31.7,25.4,29.6,8.3,18.4,43.4,1.5,Poor,74.0,B+
Yuvraj Chand 236,BCA2021236,2,46.0,39.7,28.0,44.5,18.8,5.8,49.9,3.0,Poor,75.2,B+
Lokesh Neupane 237,BCA2021237,2,75.6,44.2,40.9,47.4,5.4,15.5,48.4,6.1,Good,82.4,A
Fumiko Rai 238,BCA2022238,2,69.4,22.7,27.0,26.6,12.9,5.0,47.5,2.8,Good,64.7,B
Lokesh Neupane 239,BCA2022239,1,41.3,37.6,47.5,43.2,17.7,17.9,48.8,4.4,Poor,89.4,A
Vijay Subedi 240,BCA2022240,3,48.2,24.7,48.5,43.8,19.4,14.7,25.2,9.7,Average,74.7,B+
Laxmi Mahat 241,BCA2021241,4,58.4,40.7,23.8,41.9,19.2,19.2,31.7,9.9,Excellent,81.8,A
Uday Bhattarai 242,BCA2021242,6,73.9,48.1,24.2,42.4,8.6,19.7,25.0,9.0,Excellent,75.6,B+
Qumar Hussain 243,BCA2022243,4,40.7,26.3,40.8,30.5,16.8,15.8,21.4,4.9,Poor,70.0,B+
Amrit Regmi 244,BCA2023244,4,61.1,31.3,44.9,43.7,13.7,16.4,26.8,5.1,Excellent,72.9,B+
Uday Bhattarai 245,BCA2022245,1,44.5,25.1,31.3,42.0,13.2,18.5,22.8,6.3,Poor,69.3,B
Binita Dhakal 246,BCA2021246,5,93.4,24.7,23.0,26.2,7.8,15.5,41.7,7.6,Average,73.7,B+
Tina Joshi 247,BCA2021247,1,43.0,37.2,45.2,24.6,10.4,11.4,28.8,7.0,Poor,60.8,B
Bijay Thapa 248,BCA2021248,2,78.3,49.3,34.2,23.5,16.8,12.1,46.8,3.4,Poor,81.0,A
Yash Mishra 249,BCA2022249,2,66.7,27.9,34.0,26.8,9.0,5.9,42.6,7.0,Excellent,64.1,B
Indra Limbu 250,BCA2023250,5,53.7,21.8,31.6,35.7,19.5,15.3,48.1,6.2,Good,83.5,A
Farhan Ansari 251,BCA2023251,6,42.1,37.1,35.5,37.1,19.7,7.2,48.5,5.0,Good,80.1,A
Manisha Adhikari 252,BCA2021252,1,65.4,49.6,33.1,49.9,14.4,17.5,27.7,9.2,Excellent,77.9,B+
Jyoti Chaudhary 253,BCA2023253,5,59.6,28.3,33.7,46.2,16.8,14.3,35.7,4.8,Poor,75.3,B+
Kiran Bhandari 254,BCA2020254,1,73.8,23.0,28.6,36.1,10.2,11.2,31.5,5.4,Poor,61.7,B
Rita Lama 255,BCA2023255,2,77.1,40.4,32.1,31.9,18.2,15.4,21.5,5.3,Average,77.3,B+
Bijay Thapa 256,BCA2022256,3,58.7,45.3,45.7,40.5,19.6,8.4,29.0,7.7,Average,74.2,B+
Amrit Regmi 257,BCA2020257,2,66.5,47.4,32.2,34.5,12.7,10.6,21.7,8.1,Excellent,64.4,B
Ganesh Thapa 258,BCA2023258,2,86.8,35.7,37.1,25.2,18.1,8.0,21.7,1.3,Excellent,69.2,B
Tulasa Parajuli 259,BCA2021259,3,62.1,33.9,31.9,47.7,15.2,8.6,34.7,5.0,Poor,71.4,B+
Wangchuk Sherpa 260,BCA2022260,2,90.3,27.8,44.9,22.7,5.4,5.7,45.6,8.0,Good,67.9,B
Prem Bahadur 261,BCA2021261,6,52.4,39.5,35.4,45.9,19.5,15.2,34.2,2.2,Good,81.1,A
Aarav Sharma 262,BCA2021262,3,76.5,48.3,41.4,41.3,9.1,18.4,45.5,5.1,Good,84.9,A
Rupa Giri 263,BCA2023263,5,46.1,35.3,39.9,45.3,10.6,14.7,38.3,3.7,Excellent,72.4,B+
Vijay Subedi 264,BCA2022264,6,59.5,28.3,39.7,48.6,14.8,7.8,35.5,3.2,Excellent,71.5,B+
Manoj Khatri 265,BCA2023265,6,59.2,24.2,20.8,34.9,9.4,18.6,32.1,7.6,Good,67.6,B
Tulasa Parajuli 266,BCA2021266,6,72.1,43.5,47.2,40.2,12.6,17.7,45.2,8.9,Good,87.0,A
Elisha Pandey 267,BCA2021267,6,55.5,44.3,42.9,25.5,15.2,10.0,22.7,4.2,Average,64.4,B
Vijay Subedi 268,BCA2022268,3,75.1,33.9,23.5,21.6,14.5,13.7,38.6,5.2,Good,73.5,B+
Rupa Giri 269,BCA2023269,5,57.9,21.6,45.6,24.1,8.0,11.1,37.1,9.2,Poor,62.2,B
Tulasa Parajuli 270,BCA2021270,1,69.3,38.9,25.3,39.0,5.1,9.1,42.8,2.5,Good,63.9,B
Wrisha Tamang 271,BCA2020271,2,76.9,39.0,32.1,49.0,10.7,5.6,26.0,4.4,Excellent,64.5,B
Wrisha Tamang 272,BCA2021272,1,80.6,38.8,27.5,40.8,10.2,6.9,31.5,6.3,Good,62.1,B
Chandan Rai 273,BCA2022273,3,67.4,35.6,35.7,33.0,15.3,7.0,49.9,5.4,Good,74.3,B+
Zara Khan 274,BCA2020274,2,53.5,49.5,26.3,20.7,12.6,6.8,41.3,8.1,Poor,68.8,B
Qasim Ali 275,BCA2020275,5,99.7,39.9,39.6,20.6,15.3,11.3,31.4,5.9,Poor,76.9,B+
Nabin Dahal 276,BCA2020276,3,65.3,23.0,35.6,38.7,15.5,11.3,47.0,5.6,Excellent,76.7,B+
Gita Magar 277,BCA2023277,2,76.5,43.3,44.9,49.2,10.4,11.1,24.8,5.9,Good,71.2,B+
Elisha Pandey 278,BCA2022278,2,40.2,40.1,47.2,45.1,15.0,7.2,22.7,5.6,Excellent,65.8,B
Prem Bahadur 279,BCA2021279,4,99.3,28.9,33.9,23.0,7.6,5.6,28.7,8.2,Average,58.8,C+
Hari Poudel 280,BCA2020280,1,40.6,24.2,39.4,29.9,18.4,19.3,28.0,7.6,Average,77.5,B+
Lokesh Neupane 281,BCA2020281,4,64.0,33.7,45.1,40.7,12.2,11.3,46.6,2.5,Good,78.3,B+
Dipika Gurung 282,BCA2021282,1,65.0,37.7,44.1,40.4,7.7,10.7,30.8,1.3,Good,64.2,B
Fumiko Rai 283,BCA2020283,4,66.4,21.9,39.6,20.4,18.0,12.9,42.3,7.5,Good,80.8,A
Qumar Hussain 284,BCA2022284,5,71.4,41.0,22.9,39.9,8.7,10.2,40.3,4.5,Excellent,65.5,B
Kamala Bist 285,BCA2023285,4,92.2,22.2,34.7,27.2,19.6,5.8,26.7,6.8,Poor,70.5,B+
Farhan Ansari 286,BCA2023286,4,88.1,33.4,45.7,33.4,6.8,12.5,39.6,1.9,Poor,68.8,B
Jyoti Chaudhary 287,BCA2020287,1,87.5,48.9,39.1,46.7,13.4,14.8,33.7,4.1,Excellent,83.8,A
Deepak Acharya 288,BCA2022288,5,86.0,38.0,41.5,30.9,11.8,6.5,39.8,1.0,Average,71.8,B+
Sagar Koirala 289,BCA2022289,6,46.4,46.9,34.8,44.7,16.1,11.1,27.6,2.8,Excellent,72.5,B+
Zara Khan 290,BCA2021290,4,89.5,25.7,30.1,42.7,5.7,14.5,40.2,2.1,Poor,70.5,B+
Laxmi Mahat 291,BCA2021291,4,40.3,42.1,36.6,33.0,13.8,18.9,43.4,9.2,Good,83.2,A
Isha Tamang 292,BCA2020292,4,79.5,38.2,29.7,46.4,11.3,14.1,40.8,3.2,Poor,80.5,A
Sagar Koirala 293,BCA2023293,2,48.3,38.1,46.6,35.4,17.6,13.2,29.4,7.6,Good,73.3,B+
Nisha Pokhrel 294,BCA2022294,6,60.7,40.2,49.4,39.5,19.4,12.6,40.8,3.9,Excellent,85.8,A
Jyoti Chaudhary 295,BCA2023295,5,74.2,40.0,32.5,42.4,17.6,9.3,45.4,8.3,Excellent,79.5,B+
Janak Karki 296,BCA2020296,6,43.4,28.0,43.6,49.5,15.3,7.2,21.9,8.1,Good,64.1,B
Chandan Rai 297,BCA2022297,4,46.1,46.0,42.2,45.9,16.1,13.4,27.1,8.1,Average,75.9,B+
Dipika Gurung 298,BCA2023298,4,65.0,43.6,40.6,49.0,5.8,16.2,26.1,8.8,Poor,71.6,B+
Om Prakash 299,BCA2022299,5,72.8,38.1,43.3,48.9,9.4,7.7,40.5,2.7,Good,72.2,B+
Hari Poudel 300,BCA2023300,1,65.7,36.7,23.9,37.5,8.8,10.0,41.3,2.4,Good,68.9,B
Manoj Khatri 301,BCA2020301,6,76.9,39.9,34.7,37.2,10.4,16.8,29.5,3.0,Good,73.1,B+
Ganesh Thapa 302,BCA2021302,4,72.6,32.1,30.5,46.5,15.0,10.0,28.8,9.6,Poor,74.3,B+
Wrisha Tamang 303,BCA2020303,1,80.1,33.4,47.1,38.4,14.3,19.4,40.5,3.9,Excellent,86.3,A
Indra Limbu 304,BCA2022304,1,94.7,44.7,31.2,44.1,11.7,5.7,46.9,2.7,Excellent,78.6,B+
Kamala Bist 305,BCA2020305,6,43.9,40.1,43.2,45.9,11.4,6.6,36.1,7.3,Poor,67.2,B
Elina Shrestha 306,BCA2021306,1,67.6,30.0,22.6,21.6,16.9,13.4,37.2,3.0,Average,71.8,B+
Chitra Oli 307,BCA2023307,4,59.0,31.7,23.5,20.2,15.8,5.9,42.4,1.4,Excellent,63.9,B
Ganesh Thapa 308,BCA2020308,3,87.2,29.0,22.6,43.0,11.6,10.9,39.8,5.3,Good,70.7,B+
Zara Khan 309,BCA2022309,6,48.6,40.3,47.4,43.9,15.9,10.6,48.5,6.0,Good,79.5,B+
Aarav Sharma 310,BCA2023310,5,72.9,22.6,26.3,42.2,15.9,8.2,47.2,8.7,Good,74.4,B+
Ojha Prasad 311,BCA2022311,2,46.9,40.1,37.0,21.6,16.3,19.9,36.5,6.8,Excellent,78.7,B+
Elina Shrestha 312,BCA2022312,1,51.8,37.4,48.5,30.7,15.1,8.5,28.6,1.6,Good,64.5,B
Chitra Oli 313,BCA2022313,5,79.6,40.8,24.6,37.0,17.1,19.4,25.1,3.8,Good,80.5,A
Prem Bahadur 314,BCA2023314,3,90.4,24.0,42.0,46.3,11.9,10.4,29.2,6.0,Good,71.9,B+
Farhan Ansari 315,BCA2022315,2,93.5,25.9,42.0,38.8,15.9,18.4,45.5,6.7,Poor,92.5,A+
Nabin Dahal 316,BCA2020316,5,55.6,46.8,36.2,39.6,7.2,10.9,46.7,6.3,Average,69.9,B
Ganesh Thapa 317,BCA2020317,4,61.8,20.3,27.2,48.9,19.7,15.3,42.7,2.3,Good,80.5,A
Kiran Bhandari 318,BCA2021318,6,83.9,48.2,21.2,42.8,8.5,9.0,27.0,7.0,Average,63.7,B
Deepak Acharya 319,BCA2020319,1,98.8,29.7,41.1,35.6,17.4,17.5,27.9,5.9,Good,82.4,A
Yash Mishra 320,BCA2022320,5,79.2,45.1,35.5,31.3,18.6,12.7,30.6,8.8,Poor,81.5,A
Manoj Khatri 321,BCA2020321,5,92.9,33.2,26.9,35.4,9.2,7.3,24.7,6.4,Excellent,61.6,B
Amrit Regmi 322,BCA2022322,6,46.8,40.3,34.4,37.7,14.7,11.2,27.3,2.2,Good,63.8,B
Ganesh Thapa 323,BCA2020323,5,48.8,25.0,47.7,35.5,11.1,19.5,39.1,8.9,Average,80.8,A
Nabin Dahal 324,BCA2023324,5,99.6,46.0,25.1,44.9,14.0,16.9,44.6,2.6,Average,86.3,A
Rupa Giri 325,BCA2022325,4,75.8,22.1,31.3,24.0,5.2,12.8,47.3,7.2,Good,68.7,B
Lokesh Neupane 326,BCA2023326,5,76.0,46.3,35.9,42.6,6.4,14.9,47.1,5.9,Excellent,81.2,A
Yuvraj Chand 327,BCA2023327,5,65.2,46.2,40.9,32.9,19.1,12.2,43.1,4.2,Excellent,83.4,A
Qasim Ali 328,BCA2023328,2,94.6,22.5,37.9,36.3,8.9,5.1,42.3,1.1,Excellent,65.9,B
Yash Mishra 329,BCA2021329,6,88.3,32.3,23.2,32.8,13.8,8.9,36.1,6.1,Average,73.5,B+
Zara Khan 330,BCA2021330,4,73.1,36.7,25.4,36.8,12.3,19.8,37.3,8.0,Poor,82.0,A
Qumar Hussain 331,BCA2020331,6,53.8,43.5,48.5,23.0,12.6,16.8,44.0,6.5,Excellent,78.6,B+
Om Prakash 332,BCA2020332,1,89.4,34.2,38.0,22.6,8.9,10.6,38.3,7.5,Poor,70.8,B+
Hina Bajracharya 333,BCA2022333,6,97.8,21.7,43.2,25.3,12.4,5.2,45.5,9.4,Average,71.0,B+
Manoj Khatri 334,BCA2021334,5,50.2,21.1,27.2,20.0,7.4,20.0,43.4,4.2,Poor,68.7,B
Manisha Adhikari 335,BCA2020335,6,82.2,47.6,36.5,41.8,13.4,13.7,30.4,8.3,Good,78.7,B+
Manisha Adhikari 336,BCA2023336,4,74.5,27.8,32.2,23.2,6.1,9.4,48.4,8.2,Average,69.5,B
Kiran Bhandari 337,BCA2022337,6,66.6,31.3,34.5,27.3,10.1,16.6,40.4,9.1,Excellent,75.0,B+
Qasim Ali 338,BCA2020338,4,78.0,49.8,40.3,26.9,9.7,19.3,35.5,1.1,Average,76.8,B+
Farhan Ansari 339,BCA2023339,6,84.9,30.3,36.6,25.4,9.7,8.3,37.2,2.6,Good,65.5,B
Manisha Adhikari 340,BCA2021340,6,54.5,28.0,26.9,45.0,17.5,10.3,43.4,2.1,Excellent,76.0,B+
Qumar Hussain 341,BCA2023341,5,40.4,45.7,48.7,45.4,10.6,9.7,46.9,8.9,Average,75.7,B+
Wrisha Tamang 342,BCA2022342,4,53.3,37.3,21.6,44.0,12.2,13.1,35.1,4.5,Good,69.1,B
Hari Poudel 343,BCA2023343,3,81.4,20.4,26.3,37.4,9.9,14.2,27.8,5.9,Good,64.6,B
Nisha Pokhrel 344,BCA2022344,3,51.0,32.7,32.6,42.6,10.5,11.0,33.5,6.1,Good,67.6,B
Ujjwal Mahato 345,BCA2022345,2,73.3,45.7,25.9,44.0,16.1,12.1,20.3,4.8,Good,73.0,B+
Om Prakash 346,BCA2022346,4,58.0,36.9,37.0,32.0,15.4,5.9,44.4,5.3,Excellent,71.1,B+
Vijay Subedi 347,BCA2022347,3,61.6,36.7,44.3,30.3,11.2,10.3,40.4,6.5,Good,74.3,B+
Sagar Koirala 348,BCA2022348,3,80.4,34.6,42.1,46.7,10.7,9.3,39.0,2.3,Good,73.7,B+
Vijay Subedi 349,BCA2023349,6,76.7,32.1,47.2,22.4,10.2,9.7,39.6,7.4,Poor,69.0,B
Chitra Oli 350,BCA2022350,6,75.2,49.0,32.4,25.5,5.3,15.9,39.9,9.5,Excellent,71.4,B+
Zara Khan 351,BCA2020351,1,43.8,46.4,36.5,20.8,11.0,16.5,22.5,3.4,Good,61.1,B
Yash Mishra 352,BCA2022352,2,54.8,28.5,38.8,23.9,17.6,5.4,39.9,8.7,Average,71.2,B+
Deepak Acharya 353,BCA2022353,5,66.7,49.1,40.9,25.3,14.0,14.5,39.1,6.1,Average,81.6,A
Elisha Pandey 354,BCA2021354,1,66.5,31.0,27.8,29.1,5.0,17.2,45.4,4.1,Poor,71.0,B+
Suresh KC 355,BCA2023355,4,58.0,43.0,43.9,37.9,17.0,13.2,25.7,8.9,Poor,74.6,B+
Kamala Bist 356,BCA2023356,4,53.2,22.4,38.8,35.5,17.0,14.2,40.8,3.4,Average,76.2,B+
Elina Shrestha 357,BCA2021357,2,57.4,39.1,38.5,28.2,14.3,7.8,20.6,1.4,Excellent,57.2,C+
Gita Magar 358,BCA2022358,3,47.5,33.2,20.2,22.7,5.2,8.3,32.6,8.1,Poor,55.0,C+
Deepak Acharya 359,BCA2020359,3,44.8,42.5,24.4,28.0,10.9,13.1,25.4,9.1,Average,63.9,B
Aarav Sharma 360,BCA2020360,6,54.9,43.1,33.3,42.1,5.5,11.9,43.1,5.7,Good,68.5,B
Rupa Giri 361,BCA2022361,3,49.5,41.8,42.3,36.5,6.8,12.2,29.0,4.2,Excellent,64.5,B
Nabin Dahal 362,BCA2020362,2,78.0,29.7,25.0,28.3,6.8,16.8,20.3,1.4,Poor,60.8,B
Janak Karki 363,BCA2022363,1,54.9,35.0,40.6,30.2,19.5,16.4,21.8,4.2,Good,75.1,B+
Gita Magar 364,BCA2021364,4,54.0,49.5,43.7,42.7,17.1,11.6,25.8,7.2,Average,75.9,B+
Qasim Ali 365,BCA2020365,4,82.4,36.8,36.3,34.7,13.5,13.2,29.7,5.2,Good,70.9,B+
Janak Karki 366,BCA2023366,3,89.2,36.2,33.6,43.3,12.6,16.0,46.5,6.6,Average,87.7,A
Puja Basnet 367,BCA2022367,6,43.8,49.0,44.6,25.7,15.2,16.5,24.6,3.5,Poor,72.3,B+
Hari Poudel 368,BCA2020368,5,79.5,21.3,48.1,25.4,5.5,6.6,25.7,1.3,Poor,54.0,C+
Hina Bajracharya 369,BCA2022369,1,62.0,38.2,22.1,47.9,8.1,12.4,46.7,1.7,Excellent,70.9,B+
Vandana Singh 370,BCA2023370,3,87.7,21.7,38.5,35.9,16.0,17.5,22.3,2.9,Excellent,72.3,B+
Ojha Prasad 371,BCA2023371,2,51.6,39.7,37.1,48.4,13.4,13.4,42.4,7.9,Average,80.0,A
Suresh KC 372,BCA2023372,1,50.0,25.4,32.0,30.1,7.4,20.0,33.3,4.2,Average,67.7,B
Uday Bhattarai 373,BCA2022373,4,85.9,32.9,41.8,38.3,13.4,8.2,43.0,9.3,Average,76.8,B+
Chitra Oli 374,BCA2023374,4,40.0,21.0,28.5,20.5,7.0,18.4,20.2,9.9,Good,58.3,C+
Bijay Thapa 375,BCA2022375,5,70.7,37.1,37.1,22.8,11.9,7.3,27.9,9.0,Good,61.0,B
Tina Joshi 376,BCA2020376,5,64.0,47.5,42.0,41.7,16.9,7.6,44.8,7.2,Excellent,81.1,A
Tina Joshi 377,BCA2020377,6,88.5,31.4,43.4,47.7,10.0,18.2,33.0,9.4,Excellent,83.4,A
Ojha Prasad 378,BCA2020378,6,86.6,31.5,29.1,21.2,13.1,7.2,35.1,3.0,Excellent,66.4,B
Zara Khan 379,BCA2023379,5,74.5,22.7,33.0,43.6,7.2,10.0,34.3,7.7,Poor,63.0,B
Zara Khan 380,BCA2023380,6,47.8,24.0,36.8,34.6,14.8,7.9,38.5,7.6,Good,65.8,B
Rita Lama 381,BCA2023381,3,81.1,37.3,23.4,32.4,10.5,7.9,30.3,6.9,Average,61.3,B
Wangchuk Sherpa 382,BCA2023382,5,48.7,21.3,44.5,26.0,10.6,16.4,45.6,2.0,Excellent,71.5,B+
Nisha Pokhrel 383,BCA2021383,3,40.8,40.8,23.3,33.5,5.3,8.1,36.1,2.8,Average,55.0,C+
Nisha Pokhrel 384,BCA2021384,6,81.9,20.6,37.5,39.9,5.7,7.6,28.5,8.1,Average,55.9,C+
Prem Bahadur 385,BCA2020385,1,63.3,28.1,45.6,39.8,18.0,5.3,46.0,6.8,Good,79.6,B+
Ganesh Thapa 386,BCA2020386,3,69.1,37.9,22.6,26.0,19.5,13.4,41.4,1.4,Average,77.8,B+
Zara Khan 387,BCA2021387,1,60.8,30.6,38.8,27.1,19.7,12.5,44.4,6.6,Poor,83.9,A
Bijay Thapa 388,BCA2022388,2,49.1,46.9,39.7,22.6,10.7,19.4,38.4,6.6,Good,76.3,B+
Kiran Bhandari 389,BCA2021389,4,98.2,47.3,29.9,36.3,8.1,7.1,36.2,8.2,Good,68.3,B
Tulasa Parajuli 390,BCA2021390,4,99.7,49.3,24.4,48.0,18.8,9.8,36.7,9.5,Excellent,83.1,A
Janak Karki 391,BCA2020391,3,92.8,32.4,32.3,33.3,19.0,18.4,48.0,3.5,Good,90.3,A+
Lokesh Neupane 392,BCA2020392,5,77.0,38.2,38.4,37.9,8.5,5.4,22.4,8.0,Good,58.1,C+
Manoj Khatri 393,BCA2023393,6,79.0,25.5,31.6,34.2,7.5,8.4,32.3,9.7,Average,64.7,B
Ojha Prasad 394,BCA2021394,2,44.0,47.8,49.6,46.0,12.3,9.9,33.7,3.2,Poor,72.2,B+
Manoj Khatri 395,BCA2023395,6,58.8,38.3,42.3,37.8,12.9,18.1,43.6,5.7,Poor,82.8,A
Chandan Rai 396,BCA2021396,5,72.3,49.5,21.2,31.6,16.5,19.4,25.7,5.0,Average,79.8,B+
Sagar Koirala 397,BCA2023397,2,65.3,38.4,21.6,35.5,7.1,17.4,33.6,7.5,Excellent,67.3,B
Laxmi Mahat 398,BCA2021398,4,64.8,33.5,25.4,37.7,15.7,8.0,33.6,3.3,Good,68.6,B
Hari Poudel 399,BCA2020399,1,82.4,39.0,22.6,41.2,15.9,19.6,38.4,2.4,Poor,82.2,A
Kamala Bist 400,BCA2022400,5,92.3,45.9,24.9,24.3,16.5,5.8,29.2,7.6,Poor,67.6,B
Lokesh Neupane 401,BCA2020401,2,97.6,20.1,43.0,20.4,12.5,12.5,44.2,6.5,Poor,76.0,B+
Laxmi Mahat 402,BCA2023402,4,64.6,22.4,38.0,27.3,13.2,14.3,36.7,8.4,Excellent,70.8,B+
Dipika Gurung 403,BCA2022403,1,48.7,21.0,37.3,38.1,10.0,6.3,23.3,9.9,Good,55.3,C+
Nisha Pokhrel 404,BCA2021404,4,85.0,30.8,21.1,43.1,9.8,18.5,44.6,7.8,Excellent,80.3,A
Isha Tamang 405,BCA2020405,6,91.6,29.9,32.4,26.3,8.1,5.9,37.1,9.8,Excellent,63.9,B
Suresh KC 406,BCA2022406,4,76.5,29.5,35.8,49.9,10.3,6.9,36.9,5.7,Poor,68.0,B
Lokesh Neupane 407,BCA2021407,6,57.4,25.8,23.5,33.9,17.0,16.1,26.2,6.5,Poor,70.1,B+
Vijay Subedi 408,BCA2022408,5,88.4,26.4,39.2,40.7,8.8,6.0,29.0,5.9,Excellent,59.7,C+
Vijay Subedi 409,BCA2022409,4,83.5,38.5,20.9,25.3,10.0,10.1,40.2,9.2,Excellent,70.5,B+
Elisha Pandey 410,BCA2021410,6,67.6,46.0,46.9,33.9,17.2,18.9,21.7,5.7,Average,80.3,A
Bijay Thapa 411,BCA2021411,5,81.1,44.0,46.6,30.6,19.5,9.2,20.9,9.9,Good,74.9,B+
Yash Mishra 412,BCA2021412,5,47.0,43.5,29.2,45.7,15.6,9.1,22.6,8.9,Average,65.2,B
Tina Joshi 413,BCA2021413,5,58.1,23.4,43.5,43.3,18.7,11.7,20.7,5.3,Good,67.6,B
Elisha Pandey 414,BCA2022414,3,48.6,46.2,44.7,48.1,15.2,7.0,41.7,5.1,Excellent,72.1,B+
Chandan Rai 415,BCA2020415,3,68.0,21.4,35.6,39.8,9.7,13.7,29.4,9.0,Average,65.3,B
Sagar Koirala 416,BCA2022416,5,59.1,33.2,23.5,24.5,9.1,5.2,38.7,5.6,Good,58.0,C+
Jyoti Chaudhary 417,BCA2022417,3,48.5,41.1,28.5,27.3,6.1,14.2,30.2,5.0,Good,57.5,C+
Rupa Giri 418,BCA2020418,1,63.0,22.6,31.8,41.1,18.4,14.4,40.7,5.0,Average,78.9,B+
Manisha Adhikari 419,BCA2020419,4,74.1,22.8,44.1,41.0,6.5,9.7,39.3,7.9,Poor,65.7,B
Ojha Prasad 420,BCA2021420,5,55.5,30.9,25.5,47.5,10.0,17.9,29.7,5.4,Excellent,69.9,B
Wangchuk Sherpa 421,BCA2023421,4,90.7,28.5,30.5,37.2,12.6,11.1,41.4,2.0,Excellent,76.4,B+
Indra Limbu 422,BCA2023422,4,75.4,27.2,27.3,24.8,12.2,6.0,26.2,7.2,Poor,59.7,C+
Binita Dhakal 423,BCA2022423,5,81.6,25.2,40.1,42.2,15.7,17.6,23.4,6.4,Average,77.4,B+
Chitra Oli 424,BCA2021424,3,97.4,22.1,23.3,44.4,16.6,10.7,34.8,6.9,Excellent,74.7,B+
Isha Tamang 425,BCA2020425,2,79.7,33.6,28.7,38.5,11.7,8.1,46.3,3.7,Average,75.3,B+
Binita Dhakal 426,BCA2022426,1,75.0,38.3,35.3,45.4,17.8,5.9,47.0,9.7,Excellent,82.4,A
Wangchuk Sherpa 427,BCA2020427,3,91.9,27.1,41.1,31.8,9.8,10.7,31.4,5.9,Good,68.3,B
Manisha Adhikari 428,BCA2023428,3,90.4,24.6,49.9,40.1,7.0,6.1,20.5,7.5,Poor,59.2,C+
Isha Tamang 429,BCA2020429,2,78.5,32.5,33.7,43.7,14.1,11.4,25.4,5.6,Poor,69.3,B
Ojha Prasad 430,BCA2021430,4,76.3,37.3,45.4,27.1,12.5,11.2,36.4,4.3,Excellent,73.3,B+
Tulasa Parajuli 431,BCA2022431,1,74.8,48.9,22.4,41.9,12.9,17.9,42.5,3.5,Excellent,83.3,A
Nisha Pokhrel 432,BCA2020432,2,68.3,42.3,48.8,22.3,14.5,17.0,29.4,1.5,Average,76.0,B+
Aarav Sharma 433,BCA2023433,4,70.8,34.1,42.0,32.6,19.4,17.0,28.7,1.3,Average,81.2,A
Kiran Bhandari 434,BCA2022434,1,77.8,37.3,37.2,39.7,9.4,16.1,20.8,5.4,Good,68.2,B
Rita Lama 435,BCA2022435,2,76.9,28.3,27.7,42.2,14.1,18.7,42.2,6.9,Average,85.7,A
Qasim Ali 436,BCA2021436,4,50.8,35.8,21.0,49.5,19.5,13.9,44.7,8.5,Poor,85.3,A
Puja Basnet 437,BCA2023437,6,78.3,26.3,42.0,30.4,14.6,16.3,23.5,2.5,Poor,71.5,B+
Elisha Pandey 438,BCA2021438,4,81.0,31.7,27.9,35.9,11.5,9.3,43.9,4.4,Average,74.9,B+
Rupa Giri 439,BCA2020439,1,95.1,39.1,48.7,33.0,18.8,17.9,30.0,3.4,Excellent,85.6,A
Laxmi Mahat 440,BCA2023440,4,86.4,42.5,42.0,37.7,7.9,10.1,40.7,2.6,Excellent,73.5,B+
Elina Shrestha 441,BCA2020441,4,45.9,23.1,33.4,26.6,9.2,7.9,20.7,1.8,Good,51.4,C+
Om Prakash 442,BCA2020442,6,97.5,22.6,38.1,31.3,16.5,14.7,44.1,2.7,Excellent,85.2,A
Qasim Ali 443,BCA2022443,4,79.6,22.3,33.6,49.9,16.5,15.4,40.0,7.9,Average,81.8,A
Elina Shrestha 444,BCA2022444,1,63.0,30.0,21.8,48.7,9.0,11.6,34.8,9.4,Poor,65.1,B
Fumiko Rai 445,BCA2020445,2,72.4,32.9,38.4,23.2,11.6,8.9,21.0,1.6,Average,59.8,C+
Bijay Thapa 446,BCA2023446,2,79.2,20.0,21.1,31.7,7.3,9.9,31.7,1.0,Poor,57.2,C+
Zara Khan 447,BCA2020447,5,53.6,31.5,40.7,43.4,6.8,13.0,49.7,4.0,Average,72.6,B+
Om Prakash 448,BCA2020448,3,72.1,48.8,22.4,33.8,16.5,14.7,25.3,1.4,Poor,73.5,B+
Tina Joshi 449,BCA2023449,1,77.8,30.8,22.5,39.0,16.0,7.1,25.8,7.5,Good,65.2,B
Elina Shrestha 450,BCA2022450,4,72.0,45.0,33.5,49.9,5.6,5.8,43.6,1.4,Excellent,64.1,B
Prem Bahadur 451,BCA2023451,6,92.2,36.1,42.2,27.0,6.1,16.0,34.7,1.2,Excellent,69.6,B
Prem Bahadur 452,BCA2021452,1,50.3,21.5,29.2,43.8,11.8,7.6,37.7,8.4,Excellent,61.8,B
Manoj Khatri 453,BCA2021453,1,88.3,32.8,44.3,49.5,15.2,9.9,49.3,6.2,Good,84.9,A
Nabin Dahal 454,BCA2020454,5,50.4,21.9,28.2,42.7,7.5,10.5,25.0,3.2,Excellent,52.3,C+
Om Prakash 455,BCA2023455,2,40.9,34.6,20.2,25.4,6.3,14.8,46.6,4.7,Poor,66.5,B
Nabin Dahal 456,BCA2021456,6,56.3,33.5,27.2,25.2,15.4,13.9,41.5,6.5,Excellent,75.5,B+
Tina Joshi 457,BCA2022457,4,40.3,27.1,23.5,35.9,6.4,10.4,42.8,5.9,Good,60.2,B
Om Prakash 458,BCA2021458,3,43.2,23.4,24.5,45.3,18.7,12.5,24.8,9.3,Excellent,69.3,B
Sagar Koirala 459,BCA2021459,4,55.1,38.5,46.7,33.6,6.6,5.8,36.1,2.4,Excellent,59.1,C+
Hari Poudel 460,BCA2020460,2,83.3,37.8,29.8,26.0,15.2,9.9,43.4,3.9,Excellent,74.5,B+
Amrit Regmi 461,BCA2021461,4,93.5,22.2,37.6,21.6,11.5,8.2,38.3,2.6,Average,65.0,B
Ujjwal Mahato 462,BCA2021462,6,61.5,28.1,30.1,21.0,13.5,9.2,23.3,5.2,Poor,56.4,C+
Vijay Subedi 463,BCA2021463,3,76.2,43.7,39.1,38.3,7.5,19.6,45.7,1.8,Poor,84.3,A
Nabin Dahal 464,BCA2023464,4,56.8,41.9,42.1,27.4,9.9,13.7,46.8,6.3,Good,78.5,B+
Aarav Sharma 465,BCA2023465,1,42.4,34.1,43.1,21.0,13.0,12.2,43.9,8.4,Poor,72.4,B+
Farhan Ansari 466,BCA2020466,6,83.9,48.5,24.0,28.9,14.7,6.4,34.4,3.7,Poor,71.0,B+
Vandana Singh 467,BCA2020467,4,67.8,24.2,41.1,25.5,18.1,14.4,41.1,1.0,Excellent,78.0,B+
Suresh KC 468,BCA2022468,5,42.0,32.8,28.1,48.4,13.1,16.9,43.6,1.7,Average,78.2,B+
Dipika Gurung 469,BCA2022469,1,46.7,31.0,38.6,31.0,7.6,13.4,22.0,7.4,Good,55.8,C+
Vijay Subedi 470,BCA2021470,5,46.8,34.4,48.2,37.4,19.4,8.1,42.4,3.0,Average,79.0,B+
Ganesh Thapa 471,BCA2023471,3,43.3,31.2,33.6,35.0,17.4,12.1,36.0,8.4,Average,72.9,B+
Xina Rana 472,BCA2020472,2,93.5,33.7,22.4,46.9,9.3,19.3,23.3,3.5,Good,72.5,B+
Nabin Dahal 473,BCA2020473,3,65.0,40.5,48.0,34.2,11.3,16.1,20.6,2.7,Excellent,70.9,B+
Ojha Prasad 474,BCA2022474,4,74.7,39.7,43.6,34.6,15.0,13.0,36.5,5.1,Good,81.0,A
Tina Joshi 475,BCA2021475,3,53.6,31.2,28.6,45.4,7.2,9.3,48.7,6.6,Good,69.7,B
Sagar Koirala 476,BCA2021476,2,90.4,40.8,40.0,24.6,8.6,5.6,29.5,2.1,Average,59.9,C+
Nabin Dahal 477,BCA2020477,6,59.0,30.3,31.2,36.2,7.4,9.5,47.6,4.6,Poor,68.8,B
Deepak Acharya 478,BCA2022478,2,40.3,42.2,49.3,29.9,15.6,12.1,28.7,9.5,Good,73.0,B+
Ujjwal Mahato 479,BCA2023479,3,81.3,41.9,47.0,24.2,13.3,9.6,32.0,8.6,Poor,71.7,B+
Uday Bhattarai 480,BCA2020480,5,78.5,37.5,26.7,48.1,9.2,5.3,36.2,5.0,Excellent,67.5,B
Zara Khan 481,BCA2021481,4,59.1,38.2,48.3,47.3,10.4,7.2,45.6,4.3,Average,69.9,B
Wangchuk Sherpa 482,BCA2022482,3,98.7,46.2,22.6,41.8,11.7,19.9,44.1,3.6,Poor,89.3,A
Amrit Regmi 483,BCA2021483,5,75.9,24.3,29.1,49.7,12.9,10.0,48.0,6.3,Poor,74.9,B+
Amrit Regmi 484,BCA2022484,4,50.5,33.9,37.0,47.4,8.0,17.5,28.7,5.4,Average,70.8,B+
Tina Joshi 485,BCA2023485,5,84.4,26.7,43.7,24.6,9.5,14.6,39.1,2.1,Average,72.3,B+
Fumiko Rai 486,BCA2021486,1,47.2,28.3,49.8,22.0,16.2,13.7,37.0,8.8,Poor,77.6,B+
Hari Poudel 487,BCA2022487,5,84.0,20.5,27.8,37.4,7.2,11.9,40.8,4.2,Excellent,66.3,B
Amrit Regmi 488,BCA2022488,1,57.4,35.9,48.1,35.4,16.5,7.7,22.8,7.8,Average,68.7,B
Rupa Giri 489,BCA2022489,3,81.1,40.7,22.9,37.4,17.3,5.2,35.5,4.4,Poor,70.0,B+
Kamala Bist 490,BCA2020490,2,49.3,26.6,25.7,46.9,14.2,17.5,35.8,5.8,Excellent,74.8,B+
Elina Shrestha 491,BCA2020491,2,95.4,34.4,29.3,30.9,17.3,18.3,37.9,7.9,Average,85.0,A
Tina Joshi 492,BCA2020492,6,88.9,26.7,45.7,24.3,8.4,6.9,23.9,1.7,Excellent,54.7,C+
Yuvraj Chand 493,BCA2023493,4,42.6,23.2,43.8,35.4,5.9,6.8,27.6,1.6,Excellent,52.0,C+
Hari Poudel 494,BCA2021494,5,94.1,25.5,30.5,22.7,17.7,19.1,48.5,4.1,Good,91.7,A+
Yuvraj Chand 495,BCA2021495,5,74.2,23.0,37.3,20.4,8.3,7.9,28.5,9.1,Excellent,60.6,B
Gita Magar 496,BCA2021496,5,91.1,34.2,40.9,25.6,15.1,6.6,45.0,9.8,Poor,75.9,B+
Ojha Prasad 497,BCA2023497,1,85.7,29.4,34.0,35.6,12.4,10.4,28.6,7.5,Excellent,67.7,B
Hari Poudel 498,BCA2023498,3,67.4,42.1,40.6,45.2,8.4,11.1,49.5,4.9,Excellent,79.5,B+
Elisha Pandey 499,BCA2022499,2,40.8,40.2,40.2,31.9,12.8,15.1,23.6,4.6,Excellent,67.4,B
Kamala Bist 500,BCA2020500,3,98.5,30.2,37.8,49.7,6.8,17.6,41.8,3.5,Average,82.3,A
